BAY AREA COUNTIES,Alameda
NORTHERN AND SIERRA COUNTIES,Alpine
NORTHERN AND SIERRA COUNTIES,Amador
NORTHERN AND SIERRA COUNTIES,Butte
NORTHERN AND SIERRA COUNTIES,Calaveras
NORTHERN AND SIERRA COUNTIES,Colusa
BAY AREA COUNTIES,Contra Costa
NORTHERN AND SIERRA COUNTIES,Del Norte
SACRAMENTO AREA COUNTIES,El Dorado
SAN JOAQUIN VALLEY COUNTIES,Fresno
NORTHERN AND SIERRA COUNTIES,Glenn
NORTHERN AND SIERRA COUNTIES,Humboldt
OTHER SOUTHERN COUNTIES,Imperial
NORTHERN AND SIERRA COUNTIES,Inyo
SAN JOAQUIN VALLEY COUNTIES,Kern
SAN JOAQUIN VALLEY COUNTIES,Kings
NORTHERN AND SIERRA COUNTIES,Lake
NORTHERN AND SIERRA COUNTIES,Lassen
LOS ANGELES COUNTIES,Los Angeles
SAN JOAQUIN VALLEY COUNTIES,Madera
BAY AREA COUNTIES,Marin
NORTHERN AND SIERRA COUNTIES,Mariposa
NORTHERN AND SIERRA COUNTIES,Mendocino
SAN JOAQUIN VALLEY COUNTIES,Merced
NORTHERN AND SIERRA COUNTIES,Modoc
NORTHERN AND SIERRA COUNTIES,Mono
CENTRAL COAST COUNTIES,Monterey
BAY AREA COUNTIES,Napa
NORTHERN AND SIERRA COUNTIES,Nevada
OTHER SOUTHERN COUNTIES,Orange
SACRAMENTO AREA COUNTIES,Placer
NORTHERN AND SIERRA COUNTIES,Plumas
OTHER SOUTHERN COUNTIES,Riverside
SACRAMENTO AREA COUNTIES,Sacramento
CENTRAL COAST COUNTIES,San Benito
OTHER SOUTHERN COUNTIES,San Bernardino
OTHER SOUTHERN COUNTIES,San Diego
BAY AREA COUNTIES,San Francisco
SAN JOAQUIN VALLEY COUNTIES,San Joaquin
CENTRAL COAST COUNTIES,San Luis Obispo
BAY AREA COUNTIES,San Mateo
CENTRAL COAST COUNTIES,Santa Barbara
BAY AREA COUNTIES,Santa Clara
CENTRAL COAST COUNTIES,Santa Cruz
NORTHERN AND SIERRA COUNTIES,Shasta
NORTHERN AND SIERRA COUNTIES,Sierra
NORTHERN AND SIERRA COUNTIES,Siskiyou
BAY AREA COUNTIES,Solano
BAY AREA COUNTIES,Sonoma
SAN JOAQUIN VALLEY COUNTIES,Stanislaus
NORTHERN AND SIERRA COUNTIES,Sutter
NORTHERN AND SIERRA COUNTIES,Tehama
NORTHERN AND SIERRA COUNTIES,Trinity
SAN JOAQUIN VALLEY COUNTIES,Tulare
NORTHERN AND SIERRA COUNTIES,Tuolomne
CENTRAL COAST COUNTIES,Ventura
SACRAMENTO AREA COUNTIES,Yolo
NORTHERN AND SIERRA COUNTIES,Yuba